"False Hypotheses","Obs","Type","SD","CQ","Lopes","SH.Ln.LB","SH.Sn.LB","Simes"
0.01,20,"Unif",0.333333333333333,0.333333333333333,0,1,1,1
0.05,20,"Unif",0.333333333333333,0,0,0.333333333333333,0.333333333333333,1
0.15,20,"Unif",0,0,0,0,0,0
0.01,50,"Unif",0.333333333333333,0.333333333333333,0.333333333333333,1,1,1
0.05,50,"Unif",0,0,0,0.333333333333333,0.333333333333333,0.333333333333333
0.15,50,"Unif",0.333333333333333,0.333333333333333,0,0.333333333333333,0.333333333333333,0.333333333333333
0.01,100,"Unif",0,0.333333333333333,0,0.333333333333333,0.333333333333333,0.333333333333333
0.05,100,"Unif",0.333333333333333,0,0,0,0,0
0.15,100,"Unif",0.666666666666667,0,0,0.333333333333333,0.666666666666667,0.333333333333333
